Pickup Location,Payment Method,total_revenue,avg_fare
0,0,78795.0,501.8789808917197
0,1,39238.0,560.5428571428571
0,2,18782.0,469.55
0,3,146990.0,550.5243445692884
0,4,41928.0,493.2705882352941
0,5,0.0,
1,0,71084.0,477.0738255033557
1,1,25599.0,483.0
1,2,18354.0,496.05405405405406
1,3,125457.0,459.54945054945057
1,4,36809.0,454.4320987654321
1,5,0.0,
2,0,62039.0,488.496062992126
2,1,19726.0,469.6666666666667
2,2,31014.0,574.3333333333334
2,3,106202.0,455.80257510729615
2,4,39554.0,520.4473684210526
2,5,0.0,
3,0,78375.0,502.40384615384613
3,1,30432.0,533.8947368421053
3,2,28625.0,561.2745098039215
3,3,128510.0,479.5149253731343
3,4,30984.0,424.43835616438355
3,5,0.0,
4,0,68768.0,464.64864864864865
4,1,28534.0,528.4074074074074
4,2,25108.0,583.9069767441861
4,3,135547.0,487.5791366906475
4,4,32189.0,473.36764705882354
4,5,0.0,
5,0,74454.0,547.4558823529412
5,1,29234.0,471.51612903225805
5,2,24536.0,557.6363636363636
5,3,144310.0,559.3410852713179
5,4,34290.0,527.5384615384615
5,5,0.0,
6,0,77736.0,551.3191489361702
6,1,30523.0,526.2586206896551
6,2,15549.0,345.53333333333336
6,3,142808.0,506.4113475177305
6,4,35795.0,470.9868421052632
6,5,0.0,
7,0,84745.0,623.125
7,1,28897.0,481.6166666666667
7,2,17971.0,472.92105263157896
7,3,125305.0,544.804347826087
7,4,33668.0,502.5074626865672
7,5,0.0,
8,0,78648.0,553.8591549295775
8,1,29930.0,498.8333333333333
8,2,23571.0,501.51063829787233
8,3,152919.0,518.3694915254238
8,4,31777.0,447.5633802816901
8,5,0.0,
9,0,64215.0,482.81954887218046
9,1,22508.0,468.9166666666667
9,2,17659.0,490.52777777777777
9,3,138365.0,546.897233201581
9,4,38378.0,533.0277777777778
9,5,0.0,
10,0,70058.0,500.4142857142857
10,1,30343.0,505.71666666666664
10,2,25228.0,646.8717948717949
10,3,142084.0,514.7971014492754
10,4,40833.0,567.125
10,5,0.0,
11,0,72192.0,484.51006711409394
11,1,32752.0,545.8666666666667
11,2,24185.0,483.7
11,3,123659.0,494.636
11,4,36934.0,543.1470588235294
11,5,0.0,
12,0,85998.0,521.2
12,1,21320.0,435.1020408163265
12,2,24393.0,497.81632653061223
12,3,132600.0,489.2988929889299
12,4,27823.0,456.11475409836066
12,5,0.0,
13,0,95597.0,605.0443037974684
13,1,27452.0,457.53333333333336
13,2,16400.0,443.2432432432432
13,3,143190.0,504.1901408450704
13,4,44554.0,500.60674157303373
13,5,0.0,
14,0,72858.0,556.1679389312977
14,1,27954.0,517.6666666666666
14,2,25312.0,527.3333333333334
14,3,141271.0,511.8514492753623
14,4,24959.0,462.2037037037037
14,5,0.0,
15,0,71132.0,474.2133333333333
15,1,35014.0,547.09375
15,2,20344.0,508.6
15,3,118692.0,513.8181818181819
15,4,29156.0,477.9672131147541
15,5,0.0,
16,0,69818.0,465.4533333333333
16,1,31292.0,539.5172413793103
16,2,21671.0,515.9761904761905
16,3,168413.0,524.6510903426791
16,4,49960.0,574.2528735632184
16,5,0.0,
17,0,87481.0,557.203821656051
17,1,33343.0,497.65671641791045
17,2,29693.0,549.8703703703703
17,3,128933.0,503.64453125
17,4,36751.0,574.234375
17,5,0.0,
18,0,61843.0,479.4031007751938
18,1,29606.0,501.79661016949154
18,2,26162.0,594.5909090909091
18,3,124533.0,514.599173553719
18,4,28257.0,428.1363636363636
18,5,0.0,
19,0,72225.0,501.5625
19,1,34608.0,540.75
19,2,23431.0,520.6888888888889
19,3,119832.0,516.5172413793103
19,4,46151.0,501.64130434782606
19,5,0.0,
20,0,87753.0,577.3223684210526
20,1,27383.0,516.6603773584906
20,2,27850.0,525.4716981132076
20,3,131063.0,506.03474903474904
20,4,43819.0,584.2533333333333
20,5,0.0,
21,0,71570.0,504.01408450704224
21,1,20882.0,360.0344827586207
21,2,21416.0,522.3414634146342
21,3,146637.0,555.4431818181819
21,4,27891.0,429.0923076923077
21,5,0.0,
22,0,65145.0,508.9453125
22,1,29960.0,499.3333333333333
22,2,25267.0,467.9074074074074
22,3,128631.0,510.4404761904762
22,4,47776.0,477.76
22,5,0.0,
23,0,74053.0,536.6159420289855
23,1,27872.0,480.55172413793105
23,2,20350.0,407.0
23,3,141378.0,508.55395683453236
23,4,25411.0,416.57377049180326
23,5,0.0,
24,0,66504.0,519.5625
24,1,29514.0,527.0357142857143
24,2,21370.0,508.8095238095238
24,3,115438.0,485.03361344537814
24,4,34206.0,462.2432432432432
24,5,0.0,
25,0,71558.0,514.8057553956835
25,1,26574.0,553.625
25,2,18616.0,443.23809523809524
25,3,126294.0,517.5983606557377
25,4,25523.0,455.76785714285717
25,5,0.0,
26,0,65011.0,520.088
26,1,36198.0,532.3235294117648
26,2,32796.0,546.6
26,3,137962.0,510.97037037037035
26,4,26064.0,434.4
26,5,0.0,
27,0,68223.0,505.35555555555555
27,1,24535.0,423.01724137931035
27,2,14587.0,503.0
27,3,152278.0,545.7992831541219
27,4,37519.0,521.0972222222222
27,5,0.0,
28,0,70450.0,521.8518518518518
28,1,26936.0,528.156862745098
28,2,25892.0,517.84
28,3,143945.0,508.63957597173146
28,4,30503.0,429.61971830985914
28,5,0.0,
29,0,78629.0,527.7114093959732
29,1,33708.0,552.5901639344262
29,2,22115.0,670.1515151515151
29,3,120569.0,496.1687242798354
29,4,48862.0,508.9791666666667
29,5,0.0,
30,0,71962.0,492.8904109589041
30,1,18267.0,388.6595744680851
30,2,19617.0,467.07142857142856
30,3,150572.0,545.5507246376811
30,4,29686.0,471.2063492063492
30,5,0.0,
31,0,70406.0,463.19736842105266
31,1,29591.0,462.359375
31,2,29937.0,564.8490566037735
31,3,127752.0,491.3538461538462
31,4,41893.0,581.8472222222222
31,5,0.0,
32,0,60445.0,472.2265625
32,1,23570.0,548.1395348837209
32,2,15243.0,461.90909090909093
32,3,155913.0,548.9894366197183
32,4,37977.0,558.4852941176471
32,5,0.0,
33,0,71719.0,501.53146853146853
33,1,34681.0,533.5538461538462
33,2,19583.0,489.575
33,3,148265.0,539.1454545454545
33,4,28557.0,475.95
33,5,0.0,
34,0,76298.0,473.9006211180124
34,1,33406.0,530.2539682539683
34,2,16353.0,511.03125
34,3,151525.0,533.5387323943662
34,4,38463.0,486.873417721519
34,5,0.0,
35,0,64900.0,473.7226277372263
35,1,29075.0,548.5849056603773
35,2,24238.0,515.7021276595744
35,3,111227.0,479.42672413793105
35,4,29837.0,473.6031746031746
35,5,0.0,
36,0,78935.0,493.34375
36,1,26209.0,504.0192307692308
36,2,28364.0,616.6086956521739
36,3,123436.0,501.7723577235772
36,4,32356.0,475.8235294117647
36,5,0.0,
37,0,81490.0,529.1558441558442
37,1,26583.0,443.05
37,2,25369.0,539.7659574468086
37,3,130743.0,518.8214285714286
37,4,34061.0,500.8970588235294
37,5,0.0,
38,0,65150.0,489.8496240601504
38,1,28246.0,463.04918032786884
38,2,29494.0,517.438596491228
38,3,137885.0,506.93014705882354
38,4,43661.0,532.4512195121952
38,5,0.0,
39,0,71698.0,515.8129496402878
39,1,25760.0,486.0377358490566
39,2,20890.0,435.2083333333333
39,3,120544.0,484.1124497991968
39,4,29775.0,513.3620689655172
39,5,0.0,
40,0,69742.0,501.7410071942446
40,1,22818.0,393.41379310344826
40,2,16317.0,397.9756097560976
40,3,138230.0,529.616858237548
40,4,34014.0,548.6129032258065
40,5,0.0,
41,0,66477.0,443.18
41,1,15213.0,380.325
41,2,17510.0,530.6060606060606
41,3,138484.0,516.7313432835821
41,4,35078.0,531.4848484848485
41,5,0.0,
42,0,78669.0,482.6319018404908
42,1,32047.0,640.94
42,2,26836.0,526.1960784313726
42,3,126769.0,471.26022304832713
42,4,30559.0,436.5571428571429
42,5,0.0,
43,0,75218.0,529.7042253521126
43,1,36749.0,556.8030303030303
43,2,32561.0,561.3965517241379
43,3,130042.0,548.7004219409283
43,4,47703.0,681.4714285714285
43,5,0.0,
44,0,61346.0,435.07801418439715
44,1,26705.0,513.5576923076923
44,2,22014.0,468.3829787234043
44,3,136825.0,495.7427536231884
44,4,32663.0,494.8939393939394
44,5,0.0,
45,0,80529.0,522.9155844155844
45,1,26201.0,513.7450980392157
45,2,21425.0,535.625
45,3,154137.0,529.680412371134
45,4,30053.0,477.031746031746
45,5,0.0,
46,0,72582.0,507.56643356643355
46,1,29699.0,456.9076923076923
46,2,19104.0,415.30434782608694
46,3,126700.0,496.8627450980392
46,4,31216.0,480.24615384615385
46,5,0.0,
47,0,70723.0,531.7518796992481
47,1,32263.0,528.9016393442623
47,2,19765.0,549.0277777777778
47,3,132479.0,509.5346153846154
47,4,35462.0,479.2162162162162
47,5,0.0,
48,0,72309.0,469.538961038961
48,1,30287.0,473.234375
48,2,27113.0,521.4038461538462
48,3,120984.0,512.6440677966102
48,4,30327.0,514.0169491525423
48,5,0.0,
49,0,76747.0,522.0884353741496
49,1,34222.0,510.7761194029851
49,2,23704.0,504.3404255319149
49,3,137793.0,506.59191176470586
49,4,36723.0,510.0416666666667
49,5,0.0,
50,0,70464.0,499.74468085106383
50,1,34208.0,488.6857142857143
50,2,26455.0,539.8979591836735
50,3,128068.0,508.2063492063492
50,4,28634.0,502.35087719298247
50,5,0.0,
51,0,76406.0,530.5972222222222
51,1,32601.0,501.55384615384617
51,2,30914.0,606.156862745098
51,3,137649.0,500.5418181818182
51,4,23192.0,515.3777777777777
51,5,0.0,
52,0,82038.0,519.2278481012659
52,1,26350.0,497.1698113207547
52,2,33228.0,544.7213114754098
52,3,128821.0,511.19444444444446
52,4,36527.0,500.36986301369865
52,5,0.0,
53,0,67320.0,487.82608695652175
53,1,28875.0,525.0
53,2,22061.0,513.046511627907
53,3,127214.0,523.5144032921811
53,4,35881.0,535.5373134328358
53,5,0.0,
54,0,75139.0,511.1496598639456
54,1,29244.0,495.66101694915255
54,2,24145.0,524.8913043478261
54,3,132455.0,469.6985815602837
54,4,35858.0,519.6811594202899
54,5,0.0,
55,0,81581.0,526.3290322580646
55,1,29931.0,516.051724137931
55,2,21439.0,446.6458333333333
55,3,129630.0,553.974358974359
55,4,32875.0,538.9344262295082
55,5,0.0,
56,0,63782.0,458.863309352518
56,1,26940.0,518.0769230769231
56,2,26209.0,534.8775510204082
56,3,128424.0,509.6190476190476
56,4,33504.0,440.8421052631579
56,5,0.0,
57,0,82961.0,542.2287581699346
57,1,34611.0,516.5820895522388
57,2,25578.0,639.45
57,3,145992.0,515.8727915194346
57,4,31297.0,558.875
57,5,0.0,
58,0,70510.0,482.94520547945206
58,1,35863.0,512.3285714285714
58,2,19516.0,487.9
58,3,119433.0,470.20866141732284
58,4,39027.0,565.6086956521739
58,5,0.0,
59,0,85898.0,536.8625
59,1,29198.0,503.41379310344826
59,2,26835.0,487.90909090909093
59,3,144022.0,551.8084291187739
59,4,33706.0,518.5538461538462
59,5,0.0,
60,0,81731.0,579.6524822695036
60,1,37196.0,619.9333333333333
60,2,22715.0,463.57142857142856
60,3,146395.0,511.8706293706294
60,4,37321.0,504.3378378378378
60,5,0.0,
61,0,77533.0,538.4236111111111
61,1,36138.0,555.9692307692308
61,2,29998.0,588.1960784313726
61,3,117638.0,474.3467741935484
61,4,47527.0,522.2747252747253
61,5,0.0,
62,0,70389.0,506.3956834532374
62,1,33086.0,590.8214285714286
62,2,24605.0,473.1730769230769
62,3,129044.0,510.05533596837944
62,4,30268.0,531.0175438596491
62,5,0.0,
63,0,71728.0,527.4117647058823
63,1,34560.0,508.2352941176471
63,2,31807.0,539.1016949152543
63,3,124392.0,511.9012345679012
63,4,39257.0,568.9420289855072
63,5,0.0,
64,0,71664.0,542.9090909090909
64,1,27652.0,446.0
64,2,28077.0,452.85483870967744
64,3,142190.0,506.01423487544486
64,4,38440.0,533.8888888888889
64,5,0.0,
65,0,65391.0,514.8897637795276
65,1,32959.0,588.5535714285714
65,2,26939.0,498.8703703703704
65,3,141581.0,522.4391143911439
65,4,45123.0,550.280487804878
65,5,0.0,
66,0,79363.0,539.8843537414966
66,1,31942.0,532.3666666666667
66,2,26034.0,510.47058823529414
66,3,125374.0,503.5100401606426
66,4,26138.0,408.40625
66,5,0.0,
67,0,76952.0,523.4829931972789
67,1,22400.0,407.27272727272725
67,2,26355.0,516.7647058823529
67,3,137324.0,501.1824817518248
67,4,44732.0,573.4871794871794
67,5,0.0,
68,0,73988.0,510.26206896551724
68,1,24557.0,438.51785714285717
68,2,16392.0,420.3076923076923
68,3,134261.0,545.7764227642276
68,4,38018.0,500.2368421052632
68,5,0.0,
69,0,86396.0,564.6797385620915
69,1,30279.0,605.58
69,2,27954.0,481.9655172413793
69,3,138183.0,484.85263157894735
69,4,21539.0,448.7291666666667
69,5,0.0,
70,0,66078.0,496.82706766917295
70,1,30871.0,571.6851851851852
70,2,24946.0,453.56363636363636
70,3,125858.0,533.2966101694915
70,4,43820.0,547.75
70,5,0.0,
71,0,89616.0,578.1677419354838
71,1,27148.0,493.6
71,2,16953.0,385.29545454545456
71,3,125602.0,508.5101214574899
71,4,25891.0,446.3965517241379
71,5,0.0,
72,0,75364.0,468.0993788819876
72,1,31771.0,488.7846153846154
72,2,23573.0,523.8444444444444
72,3,144849.0,502.9479166666667
72,4,41436.0,487.4823529411765
72,5,0.0,
73,0,63826.0,483.530303030303
73,1,27995.0,538.3653846153846
73,2,17070.0,487.7142857142857
73,3,122606.0,490.424
73,4,40900.0,545.3333333333334
73,5,0.0,
74,0,64814.0,483.6865671641791
74,1,27183.0,554.7551020408164
74,2,16035.0,400.875
74,3,154869.0,519.6946308724832
74,4,30250.0,465.38461538461536
74,5,0.0,
75,0,71225.0,465.52287581699346
75,1,29791.0,504.93220338983053
75,2,21580.0,449.5833333333333
75,3,132054.0,498.31698113207545
75,4,32003.0,492.3538461538462
75,5,0.0,
76,0,70713.0,548.1627906976744
76,1,27789.0,479.12068965517244
76,2,18848.0,483.28205128205127
76,3,131641.0,506.3115384615385
76,4,36324.0,518.9142857142857
76,5,0.0,
77,0,78177.0,524.6778523489933
77,1,36824.0,549.6119402985074
77,2,23324.0,555.3333333333334
77,3,131639.0,502.4389312977099
77,4,36418.0,527.7971014492754
77,5,0.0,
78,0,73300.0,542.9629629629629
78,1,36792.0,613.2
78,2,24016.0,533.6888888888889
78,3,135643.0,519.7049808429118
78,4,34053.0,540.5238095238095
78,5,0.0,
79,0,73204.0,460.4025157232704
79,1,27314.0,557.4285714285714
79,2,20012.0,555.8888888888889
79,3,129921.0,505.52918287937746
79,4,37008.0,606.688524590164
79,5,0.0,
80,0,79828.0,515.0193548387097
80,1,31250.0,600.9615384615385
80,2,29996.0,508.40677966101697
80,3,161630.0,497.32307692307694
80,4,35798.0,504.19718309859155
80,5,0.0,
81,0,79518.0,540.9387755102041
81,1,35246.0,568.483870967742
81,2,19748.0,429.30434782608694
81,3,132930.0,553.875
81,4,27398.0,516.9433962264151
81,5,0.0,
82,0,74688.0,508.0816326530612
82,1,28823.0,514.6964285714286
82,2,20329.0,441.9347826086956
82,3,117802.0,503.4273504273504
82,4,38428.0,556.927536231884
82,5,0.0,
83,0,77188.0,525.0884353741496
83,1,19961.0,453.65909090909093
83,2,22042.0,512.6046511627907
83,3,118086.0,504.64102564102564
83,4,43160.0,507.7647058823529
83,5,0.0,
84,0,65703.0,494.0075187969925
84,1,29591.0,510.1896551724138
84,2,26286.0,559.2765957446809
84,3,122151.0,480.90944881889766
84,4,32851.0,497.74242424242425
84,5,0.0,
85,0,66386.0,502.92424242424244
85,1,26616.0,566.2978723404256
85,2,18233.0,424.0232558139535
85,3,119540.0,465.136186770428
85,4,39325.0,524.3333333333334
85,5,0.0,
86,0,66027.0,478.45652173913044
86,1,28971.0,517.3392857142857
86,2,26364.0,599.1818181818181
86,3,137057.0,496.5833333333333
86,4,51008.0,531.3333333333334
86,5,0.0,
87,0,65571.0,485.7111111111111
87,1,31371.0,514.2786885245902
87,2,26013.0,591.2045454545455
87,3,126855.0,495.52734375
87,4,25772.0,436.8135593220339
87,5,0.0,
88,0,87496.0,536.7852760736197
88,1,26274.0,505.2692307692308
88,2,24594.0,546.5333333333333
88,3,136216.0,457.1006711409396
88,4,45655.0,530.8720930232558
88,5,0.0,
89,0,75613.0,510.89864864864865
89,1,26700.0,404.54545454545456
89,2,34054.0,558.2622950819672
89,3,114539.0,497.995652173913
89,4,25925.0,518.5
89,5,0.0,
90,0,76161.0,494.55194805194805
90,1,33563.0,459.7671232876712
90,2,22050.0,512.7906976744187
90,3,141092.0,524.5055762081785
90,4,36515.0,474.2207792207792
90,5,0.0,
91,0,64783.0,498.33076923076925
91,1,26815.0,478.8392857142857
91,2,22092.0,526.0
91,3,124426.0,486.0390625
91,4,33806.0,520.0923076923077
91,5,0.0,
92,0,70503.0,518.4044117647059
92,1,29740.0,472.06349206349205
92,2,21068.0,458.0
92,3,123991.0,516.6291666666667
92,4,35658.0,540.2727272727273
92,5,0.0,
93,0,66640.0,466.013986013986
93,1,26526.0,408.0923076923077
93,2,27119.0,493.07272727272726
93,3,133224.0,530.7729083665339
93,4,35529.0,507.5571428571429
93,5,0.0,
94,0,77028.0,542.4507042253521
94,1,20126.0,410.734693877551
94,2,22704.0,454.08
94,3,161195.0,569.5936395759717
94,4,41356.0,537.0909090909091
94,5,0.0,
95,0,64488.0,470.7153284671533
95,1,36182.0,556.6461538461539
95,2,28452.0,508.07142857142856
95,3,114090.0,491.76724137931035
95,4,41020.0,488.3333333333333
95,5,0.0,
96,0,83284.0,481.4104046242775
96,1,30534.0,477.09375
96,2,29186.0,470.741935483871
96,3,116999.0,475.6056910569106
96,4,40665.0,542.2
96,5,0.0,
97,0,62990.0,456.4492753623188
97,1,24041.0,445.2037037037037
97,2,27651.0,512.0555555555555
97,3,134842.0,514.6641221374045
97,4,28460.0,384.5945945945946
97,5,0.0,
98,0,61001.0,462.1287878787879
98,1,29043.0,547.9811320754717
98,2,25068.0,511.59183673469386
98,3,131372.0,493.8796992481203
98,4,32932.0,470.45714285714286
98,5,0.0,
99,0,60476.0,447.97037037037035
99,1,26348.0,506.6923076923077
99,2,27989.0,482.5689655172414
99,3,132874.0,488.50735294117646
99,4,41765.0,515.6172839506173
99,5,0.0,
100,0,78973.0,564.0928571428572
100,1,24690.0,484.11764705882354
100,2,26409.0,507.86538461538464
100,3,125689.0,525.8953974895397
100,4,37001.0,486.85526315789474
100,5,0.0,
101,0,76346.0,537.6478873239437
101,1,22146.0,471.1914893617021
101,2,21813.0,507.27906976744185
101,3,128313.0,541.4050632911392
101,4,25387.0,396.671875
101,5,0.0,
102,0,63925.0,477.05223880597015
102,1,21613.0,441.0816326530612
102,2,19447.0,474.3170731707317
102,3,135677.0,508.15355805243445
102,4,30516.0,429.80281690140845
102,5,0.0,
103,0,77511.0,487.49056603773585
103,1,26982.0,435.19354838709677
103,2,26328.0,453.9310344827586
103,3,113226.0,462.1469387755102
103,4,31497.0,516.344262295082
103,5,0.0,
104,0,72999.0,486.66
104,1,31729.0,528.8166666666667
104,2,21443.0,487.34090909090907
104,3,129020.0,516.08
104,4,35981.0,473.4342105263158
104,5,0.0,
105,0,54023.0,453.97478991596637
105,1,25303.0,550.0652173913044
105,2,21615.0,527.1951219512196
105,3,132990.0,492.55555555555554
105,4,32366.0,558.0344827586207
105,5,0.0,
106,0,81332.0,511.52201257861634
106,1,35609.0,659.425925925926
106,2,20077.0,489.6829268292683
106,3,135661.0,511.92830188679244
106,4,36985.0,506.64383561643837
106,5,0.0,
107,0,59325.0,482.3170731707317
107,1,32479.0,550.4915254237288
107,2,22157.0,598.8378378378378
107,3,128952.0,477.6
107,4,43491.0,530.3780487804878
107,5,0.0,
108,0,78882.0,559.4468085106383
108,1,31637.0,494.328125
108,2,34441.0,546.6825396825396
108,3,127202.0,541.2851063829787
108,4,28119.0,453.53225806451616
108,5,0.0,
109,0,65014.0,507.921875
109,1,25711.0,547.0425531914893
109,2,21965.0,488.1111111111111
109,3,141078.0,511.1521739130435
109,4,31618.0,585.5185185185185
109,5,0.0,
110,0,94111.0,514.2677595628415
110,1,35484.0,537.6363636363636
110,2,20634.0,479.86046511627904
110,3,118904.0,487.3114754098361
110,4,43515.0,596.0958904109589
110,5,0.0,
111,0,76208.0,540.4822695035461
111,1,38741.0,569.7205882352941
111,2,22263.0,517.7441860465116
111,3,115945.0,501.9264069264069
111,4,33601.0,486.9710144927536
111,5,0.0,
112,0,68164.0,508.6865671641791
112,1,27693.0,553.86
112,2,28314.0,544.5
112,3,126240.0,462.4175824175824
112,4,30641.0,478.765625
112,5,0.0,
113,0,68896.0,488.6241134751773
113,1,36802.0,549.2835820895523
113,2,24787.0,495.74
113,3,145429.0,552.9619771863117
113,4,34816.0,512.0
113,5,0.0,
114,0,62468.0,476.85496183206106
114,1,26524.0,482.25454545454545
114,2,21382.0,562.6842105263158
114,3,117723.0,498.8262711864407
114,4,36582.0,546.0
114,5,0.0,
115,0,66929.0,544.1382113821138
115,1,26495.0,473.125
115,2,21822.0,519.5714285714286
115,3,141749.0,553.70703125
115,4,42433.0,581.2739726027397
115,5,0.0,
116,0,75935.0,474.59375
116,1,24666.0,465.39622641509436
116,2,18357.0,437.07142857142856
116,3,122932.0,487.8253968253968
116,4,34494.0,530.6769230769231
116,5,0.0,
117,0,81902.0,505.5679012345679
117,1,29703.0,530.4107142857143
117,2,28455.0,536.8867924528302
117,3,134091.0,494.80073800738006
117,4,37074.0,529.6285714285714
117,5,0.0,
118,0,83387.0,531.1273885350319
118,1,28797.0,514.2321428571429
118,2,19868.0,551.8888888888889
118,3,135457.0,520.9884615384616
118,4,27590.0,452.2950819672131
118,5,0.0,
119,0,72090.0,504.12587412587413
119,1,22102.0,514.0
119,2,26434.0,508.34615384615387
119,3,129339.0,489.92045454545456
119,4,35353.0,512.3623188405797
119,5,0.0,
120,0,86016.0,515.065868263473
120,1,25076.0,473.1320754716981
120,2,25921.0,576.0222222222222
120,3,147084.0,548.820895522388
120,4,44475.0,562.9746835443038
120,5,0.0,
121,0,79684.0,517.4285714285714
121,1,29539.0,500.66101694915255
121,2,16327.0,480.20588235294116
121,3,119349.0,483.1943319838057
121,4,31543.0,420.5733333333333
121,5,0.0,
122,0,80632.0,503.95
122,1,37978.0,542.5428571428571
122,2,25329.0,527.6875
122,3,136495.0,507.41635687732344
122,4,32659.0,510.296875
122,5,0.0,
123,0,72715.0,504.96527777777777
123,1,25802.0,477.81481481481484
123,2,19325.0,411.17021276595744
123,3,130666.0,504.5019305019305
123,4,34852.0,497.8857142857143
123,5,0.0,
124,0,80285.0,508.13291139240505
124,1,33391.0,607.1090909090909
124,2,25881.0,462.1607142857143
124,3,127259.0,497.10546875
124,4,36498.0,474.0
124,5,0.0,
125,0,76068.0,521.013698630137
125,1,22243.0,483.54347826086956
125,2,23791.0,553.2790697674419
125,3,127250.0,511.04417670682733
125,4,33150.0,510.0
125,5,0.0,
126,0,63931.0,456.65
126,1,30074.0,518.5172413793103
126,2,27139.0,603.0888888888888
126,3,136537.0,501.9742647058824
126,4,35504.0,493.1111111111111
126,5,0.0,
127,0,78058.0,523.8791946308725
127,1,31536.0,508.64516129032256
127,2,18299.0,481.55263157894734
127,3,133121.0,532.484
127,4,40166.0,528.5
127,5,0.0,
128,0,78652.0,582.6074074074074
128,1,24405.0,567.5581395348837
128,2,14669.0,431.44117647058823
128,3,123478.0,476.74903474903476
128,4,29506.0,475.9032258064516
128,5,0.0,
129,0,75062.0,524.9090909090909
129,1,31087.0,493.44444444444446
129,2,18076.0,463.4871794871795
129,3,146895.0,496.2668918918919
129,4,33967.0,514.6515151515151
129,5,0.0,
130,0,73369.0,539.4779411764706
130,1,41109.0,613.5671641791045
130,2,22158.0,492.4
130,3,130584.0,494.6363636363636
130,4,31148.0,464.8955223880597
130,5,0.0,
131,0,79842.0,535.8523489932886
131,1,27139.0,603.0888888888888
131,2,25489.0,509.78
131,3,129814.0,523.4435483870968
131,4,35808.0,490.52054794520546
131,5,0.0,
132,0,63777.0,468.9485294117647
132,1,28684.0,470.2295081967213
132,2,22400.0,533.3333333333334
132,3,131279.0,473.93140794223825
132,4,44986.0,584.2337662337662
132,5,0.0,
133,0,76785.0,536.9580419580419
133,1,24627.0,447.76363636363635
133,2,19672.0,517.6842105263158
133,3,133965.0,513.2758620689655
133,4,39037.0,534.7534246575342
133,5,0.0,
134,0,69642.0,531.6183206106871
134,1,31616.0,596.5283018867924
134,2,28409.0,591.8541666666666
134,3,133591.0,532.2350597609561
134,4,26240.0,452.41379310344826
134,5,0.0,
135,0,73154.0,484.4635761589404
135,1,31748.0,587.925925925926
135,2,28373.0,556.3333333333334
135,3,139449.0,532.2480916030535
135,4,36291.0,511.14084507042253
135,5,0.0,
136,0,80199.0,477.375
136,1,33950.0,478.16901408450707
136,2,28065.0,652.6744186046511
136,3,120640.0,494.42622950819674
136,4,28038.0,445.04761904761904
136,5,0.0,
137,0,77560.0,506.9281045751634
137,1,28908.0,535.3333333333334
137,2,28488.0,527.5555555555555
137,3,125541.0,502.164
137,4,32676.0,447.6164383561644
137,5,0.0,
138,0,62308.0,498.464
138,1,39520.0,564.5714285714286
138,2,22067.0,490.3777777777778
138,3,134867.0,559.6141078838174
138,4,40505.0,540.0666666666667
138,5,0.0,
139,0,67063.0,489.5109489051095
139,1,23278.0,495.27659574468083
139,2,20580.0,501.9512195121951
139,3,125409.0,454.3804347826087
139,4,37059.0,544.9852941176471
139,5,0.0,
140,0,71796.0,495.1448275862069
140,1,35891.0,498.4861111111111
140,2,22709.0,463.44897959183675
140,3,150426.0,553.0367647058823
140,4,37476.0,635.1864406779661
140,5,0.0,
141,0,73593.0,459.95625
141,1,26147.0,458.719298245614
141,2,18424.0,347.62264150943395
141,3,140100.0,502.1505376344086
141,4,34206.0,503.02941176470586
141,5,0.0,
142,0,71044.0,534.1654135338346
142,1,37449.0,594.4285714285714
142,2,20785.0,451.8478260869565
142,3,119291.0,469.6496062992126
142,4,28319.0,479.9830508474576
142,5,0.0,
143,0,85211.0,529.2608695652174
143,1,35851.0,527.2205882352941
143,2,22572.0,537.4285714285714
143,3,132030.0,498.22641509433964
143,4,31535.0,485.15384615384613
143,5,0.0,
144,0,74708.0,533.6285714285714
144,1,37446.0,542.695652173913
144,2,20867.0,453.6304347826087
144,3,134950.0,539.8
144,4,33678.0,488.0869565217391
144,5,0.0,
145,0,86546.0,534.2345679012345
145,1,30609.0,577.5283018867924
145,2,20481.0,465.47727272727275
145,3,128291.0,503.10196078431375
145,4,33300.0,520.3125
145,5,0.0,
146,0,71756.0,472.07894736842104
146,1,26748.0,486.3272727272727
146,2,28775.0,612.2340425531914
146,3,138346.0,530.0613026819923
146,4,28288.0,505.14285714285717
146,5,0.0,
147,0,67996.0,478.84507042253523
147,1,32756.0,574.6666666666666
147,2,21348.0,426.96
147,3,125329.0,495.3715415019763
147,4,36431.0,527.9855072463768
147,5,0.0,
148,0,49707.0,546.2307692307693
148,1,30291.0,466.0153846153846
148,2,23702.0,483.7142857142857
148,3,145505.0,532.985347985348
148,4,24611.0,439.48214285714283
148,5,0.0,
149,0,75656.0,491.27272727272725
149,1,34485.0,507.13235294117646
149,2,23526.0,490.125
149,3,141264.0,547.5348837209302
149,4,40367.0,560.6527777777778
149,5,0.0,
150,0,72130.0,542.3308270676691
150,1,27712.0,543.3725490196078
150,2,19982.0,399.64
150,3,131450.0,479.7445255474453
150,4,33996.0,472.1666666666667
150,5,0.0,
151,0,76482.0,472.1111111111111
151,1,35826.0,519.2173913043479
151,2,32606.0,592.8363636363637
151,3,117511.0,491.67782426778246
151,4,49381.0,561.1477272727273
151,5,0.0,
152,0,73520.0,510.55555555555554
152,1,23779.0,448.66037735849056
152,2,19504.0,464.3809523809524
152,3,126686.0,481.6958174904943
152,4,36084.0,434.7469879518072
152,5,0.0,
153,0,76210.0,498.1045751633987
153,1,27731.0,470.0169491525424
153,2,29990.0,555.3703703703703
153,3,132502.0,513.5736434108527
153,4,39749.0,593.2686567164179
153,5,0.0,
154,0,70281.0,516.7720588235294
154,1,27458.0,508.48148148148147
154,2,24023.0,428.98214285714283
154,3,108985.0,441.2348178137652
154,4,41675.0,452.9891304347826
154,5,0.0,
155,0,67197.0,466.6458333333333
155,1,29982.0,491.5081967213115
155,2,26204.0,513.8039215686274
155,3,140811.0,512.04
155,4,32585.0,479.19117647058823
155,5,0.0,
156,0,91792.0,556.3151515151516
156,1,23883.0,426.48214285714283
156,2,28144.0,531.0188679245283
156,3,146989.0,508.61245674740485
156,4,38578.0,535.8055555555555
156,5,0.0,
157,0,74237.0,491.63576158940396
157,1,36870.0,585.2380952380952
157,2,22860.0,496.95652173913044
157,3,148895.0,522.438596491228
157,4,37835.0,610.241935483871
157,5,0.0,
158,0,76237.0,564.7185185185185
158,1,24188.0,503.9166666666667
158,2,31698.0,566.0357142857143
158,3,141034.0,510.9927536231884
158,4,36275.0,525.7246376811594
158,5,0.0,
159,0,66322.0,470.36879432624113
159,1,26306.0,445.864406779661
159,2,24624.0,535.304347826087
159,3,140178.0,513.4725274725274
159,4,35823.0,477.64
159,5,0.0,
160,0,70236.0,520.2666666666667
160,1,38782.0,625.516129032258
160,2,31508.0,552.7719298245614
160,3,133244.0,504.7121212121212
160,4,42856.0,510.1904761904762
160,5,0.0,
161,0,65167.0,458.9225352112676
161,1,43575.0,631.5217391304348
161,2,28220.0,513.0909090909091
161,3,140496.0,516.5294117647059
161,4,37755.0,454.87951807228916
161,5,0.0,
162,0,67481.0,499.85925925925926
162,1,29226.0,449.6307692307692
162,2,23054.0,523.9545454545455
162,3,151916.0,554.4379562043796
162,4,30893.0,441.3285714285714
162,5,0.0,
163,0,83871.0,527.4905660377359
163,1,32015.0,477.8358208955224
163,2,25450.0,541.4893617021277
163,3,142703.0,553.1124031007752
163,4,42244.0,563.2533333333333
163,5,0.0,
164,0,68834.0,542.0
164,1,38717.0,545.3098591549295
164,2,19469.0,499.20512820512823
164,3,123180.0,477.4418604651163
164,4,29944.0,482.96774193548384
164,5,0.0,
165,0,71257.0,494.84027777777777
165,1,41168.0,605.4117647058823
165,2,26518.0,541.1836734693877
165,3,144881.0,526.84
165,4,37976.0,542.5142857142857
165,5,0.0,
166,0,72010.0,483.28859060402687
166,1,28945.0,482.4166666666667
166,2,22824.0,507.2
166,3,130031.0,520.124
166,4,34658.0,481.3611111111111
166,5,0.0,
167,0,76168.0,514.6486486486486
167,1,30865.0,514.4166666666666
167,2,24809.0,506.3061224489796
167,3,123646.0,477.3976833976834
167,4,33044.0,569.7241379310345
167,5,0.0,
168,0,65313.0,473.2826086956522
168,1,29529.0,509.12068965517244
168,2,25750.0,443.9655172413793
168,3,130806.0,512.964705882353
168,4,32375.0,455.98591549295776
168,5,0.0,
169,0,74726.0,537.5971223021583
169,1,37841.0,532.9718309859155
169,2,24084.0,454.41509433962267
169,3,137448.0,496.20216606498195
169,4,29605.0,429.05797101449275
169,5,0.0,
170,0,65182.0,443.4149659863946
170,1,27272.0,514.566037735849
170,2,21021.0,500.5
170,3,104388.0,451.8961038961039
170,4,35888.0,535.6417910447761
170,5,0.0,
171,0,62808.0,465.24444444444447
171,1,30646.0,510.76666666666665
171,2,20039.0,455.4318181818182
171,3,125048.0,514.6008230452675
171,4,32901.0,463.3943661971831
171,5,0.0,
172,0,75030.0,547.6642335766423
172,1,23394.0,458.70588235294116
172,2,18350.0,436.9047619047619
172,3,106428.0,499.6619718309859
172,4,30006.0,500.1
172,5,0.0,
173,0,73087.0,500.59589041095893
173,1,25400.0,461.8181818181818
173,2,30038.0,577.6538461538462
173,3,146660.0,516.4084507042254
173,4,37560.0,507.56756756756755
173,5,0.0,
174,0,75428.0,502.85333333333335
174,1,30400.0,506.6666666666667
174,2,26977.0,518.7884615384615
174,3,144219.0,536.1301115241636
174,4,31993.0,484.74242424242425
174,5,0.0,
175,0,86183.0,566.9934210526316
175,1,24978.0,462.55555555555554
175,2,32771.0,520.1746031746031
175,3,122741.0,481.33725490196076
175,4,29459.0,460.296875
175,5,0.0,
